symbol,timestamp,open,high,low,close,volume
ETH,2024-08-27 00:00:00,2682.48,2698.5,2404.35,2456.47,331.7764
ETH,2024-08-28 00:00:00,2452.55,2553.66,2422.08,2526.82,221.1633
ETH,2024-08-29 00:00:00,2531.48,2593.47,2505.42,2527.55,113.6293
ETH,2024-08-30 00:00:00,2526.45,2551.03,2434.79,2528.03,144.4679
ETH,2024-08-31 00:00:00,2525.36,2532.34,2493.3,2513.17,56.7846
ETH,2024-09-01 00:00:00,2513.66,2515.79,2401.1,2429.64,219.9537
ETH,2024-09-02 00:00:00,2426.59,2563,2426.59,2539.23,125.5994
ETH,2024-09-03 00:00:00,2537.09,2553.6,2421.13,2426.44,135.7685
ETH,2024-09-04 00:00:00,2427.7,2487.5,2309.32,2447.9,268.1334
ETH,2024-09-05 00:00:00,2447.92,2463.58,2350,2369.49,159.9787
ETH,2024-09-06 00:00:00,2369.45,2407.8,2151.25,2224.95,378.0032
ETH,2024-09-07 00:00:00,2224.75,2311.22,2221.9,2278.74,125.2389
ETH,2024-09-08 00:00:00,2276,2331.53,2246.18,2295.18,193.4812
ETH,2024-09-09 00:00:00,2297.36,2379.11,2274.75,2356.06,354.9884
ETH,2024-09-10 00:00:00,2358.03,2395,2320.9,2388.37,369.3748
ETH,2024-09-11 00:00:00,2389.01,2389.01,2278.8,2338.2,253.6507
ETH,2024-09-12 00:00:00,2339.43,2389.35,2316.52,2359.18,198.4834
ETH,2024-09-13 00:00:00,2361.9,2454.61,2339.32,2436.84,225.333
ETH,2024-09-14 00:00:00,2439.98,2439.98,2381.11,2417.22,124.195
ETH,2024-09-15 00:00:00,2416.94,2429.65,2287.41,2319.1,279.5025
ETH,2024-09-16 00:00:00,2315.93,2333.03,2253.04,2295.69,242.0616
ETH,2024-09-17 00:00:00,2294.58,2399.46,2264.2,2339.86,262.277
ETH,2024-09-18 00:00:00,2338.94,2374.54,2277.27,2367.82,396.5549
ETH,2024-09-19 00:00:00,2368.87,2492.8,2368.87,2460.06,442.6462
ETH,2024-09-20 00:00:00,2460.46,2571.47,2436.24,2559.52,457.8711
ETH,2024-09-21 00:00:00,2562.2,2621.16,2531.62,2614,162.2234
ETH,2024-09-22 00:00:00,2614.43,2631.4,2526.4,2582.93,171.4258
ETH,2024-09-23 00:00:00,2580.17,2701,2541.25,2646.91,296.8912
ETH,2024-09-24 00:00:00,2649,2669.5,2590,2653.98,317.7596
ETH,2024-09-25 00:00:00,2651.33,2671.26,2556.63,2576.96,175.3097
ETH,2024-09-26 00:00:00,2577.04,2664.69,2558.56,2632.69,298.4704
ETH,2024-09-27 00:00:00,2631.94,2725.69,2616.59,2695,138.7252
ETH,2024-09-28 00:00:00,2695,2703.87,2650.88,2675.6,82.0516
ETH,2024-09-29 00:00:00,2677.03,2682.81,2634.72,2657.77,86.5762
ETH,2024-09-30 00:00:00,2657.74,2660.52,2576.77,2602.58,217.6521
ETH,2024-10-01 00:00:00,2601.59,2656.12,2426.01,2453.73,421.5524
ETH,2024-10-02 00:00:00,2453.73,2500.06,2360,2368.27,220.1473
ETH,2024-10-03 00:00:00,2368.48,2407.02,2316.52,2351.45,124.335
ETH,2024-10-04 00:00:00,2351.51,2440.03,2344.3,2414.82,88.2379
ETH,2024-10-05 00:00:00,2415.1,2427.88,2390.46,2409.59,87.6111
ETH,2024-10-06 00:00:00,2412.61,2452.82,2405.36,2437.51,71.4392
ETH,2024-10-07 00:00:00,2437.52,2518.28,2406.44,2422.18,264.2053
ETH,2024-10-08 00:00:00,2422.17,2465.66,2402.94,2441.67,128.2935
ETH,2024-10-09 00:00:00,2441.67,2471.76,2351.87,2368.1,133.3565
ETH,2024-10-10 00:00:00,2371.86,2419.11,2332.21,2384.36,128.9592
ETH,2024-10-11 00:00:00,2384.99,2467.66,2381.85,2436.97,151.7271
ETH,2024-10-12 00:00:00,2439.4,2484.85,2432.7,2471.83,180.4791
ETH,2024-10-13 00:00:00,2471.81,2479.95,2437.2,2469.18,55.6201
ETH,2024-10-14 00:00:00,2465.3,2642.8,2443.67,2628.53,302.0188
ETH,2024-10-15 00:00:00,2628.53,2674,2538.75,2604.24,266.3226
ETH,2024-10-16 00:00:00,2606.4,2646.15,2591.56,2610.69,71.8551
ETH,2024-10-17 00:00:00,2610.77,2645.58,2576.77,2605.93,111.4992
ETH,2024-10-18 00:00:00,2605.84,2674,2596.49,2640.44,137.5948
ETH,2024-10-19 00:00:00,2640.5,2662.77,2631,2647.85,78.9369
ETH,2024-10-20 00:00:00,2648.72,2750,2635.84,2743.06,202.9215
ETH,2024-10-21 00:00:00,2744.3,2761,2656.98,2662.46,173.8234
ETH,2024-10-22 00:00:00,2660.27,2669.04,2605.64,2621.11,406.0901
ETH,2024-10-23 00:00:00,2619.84,2626.6,2453.65,2525.09,532.9348
ETH,2024-10-24 00:00:00,2525.07,2560.32,2509.77,2536.29,372.8713
ETH,2024-10-25 00:00:00,2536.57,2562.52,2384,2440.19,596.8376
ETH,2024-10-26 00:00:00,2442.68,2506.56,2431.7,2483.69,309.571
ETH,2024-10-27 00:00:00,2481.99,2522.5,2464.79,2504.26,168.5771
ETH,2024-10-28 00:00:00,2507.67,2585.84,2473.17,2563.5,300.4196
ETH,2024-10-29 00:00:00,2567.46,2676.82,2556.44,2635.89,457.5175
ETH,2024-10-30 00:00:00,2634.84,2720.9,2603.99,2659,438.3486
ETH,2024-10-31 00:00:00,2659,2668.13,2504.26,2517.13,288.6095
ETH,2024-11-01 00:00:00,2517.1,2583.2,2470.03,2512.8,246.6476
ETH,2024-11-02 00:00:00,2515.78,2521.6,2471.66,2491.03,88.2374
ETH,2024-11-03 00:00:00,2491.03,2494.42,2410.62,2454.71,208.8894
ETH,2024-11-04 00:00:00,2455.13,2484.37,2361.02,2399.66,196.2055
ETH,2024-11-05 00:00:00,2399.63,2477.78,2384.32,2423.27,218.2591
ETH,2024-11-06 00:00:00,2421.24,2741.6,2419.24,2719.14,616.0018
ETH,2024-11-07 00:00:00,2722.73,2913.77,2698.4,2894.53,533.3899
ETH,2024-11-08 00:00:00,2895.84,2978.59,2886.28,2956.46,373.6749
ETH,2024-11-09 00:00:00,2962.49,3154.99,2955.3,3130.43,465.996
ETH,2024-11-10 00:00:00,3125.45,3245.3,3071.74,3190.46,806.8012
ETH,2024-11-11 00:00:00,3186.86,3386.71,3106.7,3373.83,769.2557
ETH,2024-11-12 00:00:00,3373.58,3438.68,3210.16,3249.46,987.924
ETH,2024-11-13 00:00:00,3240.68,3330.49,3118.86,3179.48,743.3845
ETH,2024-11-14 00:00:00,3186.25,3239.39,3031.95,3055.88,753.3466
ETH,2024-11-15 00:00:00,3055.63,3117.37,2941.53,3091.63,685.7729
ETH,2024-11-16 00:00:00,3092.08,3219.16,3073.03,3133.61,432.6583
ETH,2024-11-17 00:00:00,3131.59,3158.23,3036.65,3073.01,373.7207
ETH,2024-11-18 00:00:00,3074.9,3215.86,3050.44,3204.11,485.7241
ETH,2024-11-19 00:00:00,3204.11,3219.17,3068.17,3105.68,518.2674
ETH,2024-11-20 00:00:00,3104,3156.17,3031.8,3066.91,434.2682
ETH,2024-11-21 00:00:00,3068.05,3381.54,3034,3355.54,998.1062
ETH,2024-11-22 00:00:00,3357.08,3423.01,3262.68,3323.63,457.0415
ETH,2024-11-23 00:00:00,3328.21,3494.73,3315.69,3394.12,728.0222
ETH,2024-11-24 00:00:00,3392.13,3447.59,3288.22,3367.72,525.2121
ETH,2024-11-25 00:00:00,3358.81,3539.57,3305.08,3418.5,1003.2548
ETH,2024-11-26 00:00:00,3417.56,3461.09,3250.71,3322.88,467.3911
ETH,2024-11-27 00:00:00,3322.88,3682.89,3303.75,3654.31,738.7901
ETH,2024-11-28 00:00:00,3658.47,3659,3532.01,3579.99,354.1338
ETH,2024-11-29 00:00:00,3575.63,3642.68,3538.82,3598.53,299.7246
ETH,2024-11-30 00:00:00,3590.98,3735.23,3570.85,3704.22,441.7694
ETH,2024-12-01 00:00:00,3713.75,3743.99,3661.46,3705.48,273.6878
ETH,2024-12-02 00:00:00,3709.09,3761.02,3559.74,3640.81,726.2083
ETH,2024-12-03 00:00:00,3634.7,3665.14,3505.5,3615.37,449.4664
ETH,2024-12-04 00:00:00,3612.94,3884.93,3612.94,3839.51,835.4075
ETH,2024-12-05 00:00:00,3835.28,3950,3700,3789.94,821.2089
ETH,2024-12-06 00:00:00,3789.94,4082.57,3782.44,3992.36,782.569
ETH,2024-12-07 00:00:00,3999.97,4019.91,3970.62,4004.5,226.085
ETH,2024-12-08 00:00:00,3997.79,4012.63,3928.62,4012.63,291.4304
ETH,2024-12-09 00:00:00,4004.44,4004.44,3474.2,3717.74,943.7803
ETH,2024-12-10 00:00:00,3710.79,3776.64,3524.55,3626.38,528.7082
ETH,2024-12-11 00:00:00,3627.55,3845.43,3565.62,3831.5,264.0431
ETH,2024-12-12 00:00:00,3829.77,3983.81,3800.11,3883,540.2288
ETH,2024-12-13 00:00:00,3883,3967.72,3855.2,3909.02,350.8674
ETH,2024-12-14 00:00:00,3909.02,3944.99,3827.06,3871.96,153.8295
ETH,2024-12-15 00:00:00,3870.39,3966.79,3834.78,3958.58,248.1573
ETH,2024-12-16 00:00:00,3958.58,4100,3886.83,3983.48,520.4678
ETH,2024-12-17 00:00:00,3988.11,4038.02,3851.73,3892.51,323.4632
ETH,2024-12-18 00:00:00,3892.51,3903.34,3622.67,3630.23,1369.1085
ETH,2024-12-19 00:00:00,3630.15,3717.23,3340.18,3425.27,674.6335
ETH,2024-12-20 00:00:00,3418.1,3495.54,3105.68,3467.91,427.1322
ETH,2024-12-21 00:00:00,3473.4,3554.03,3295.84,3339.67,168.0332
ETH,2024-12-22 00:00:00,3340.33,3402.67,3224.14,3276.8,143.494
ETH,2024-12-23 00:00:00,3288.39,3469.58,3220,3425.88,302.5085
ETH,2024-12-24 00:00:00,3420.78,3538.18,3370.55,3495.72,143.0127
ETH,2024-12-25 00:00:00,3491.35,3545.14,3441.52,3497.4,143.285
ETH,2024-12-26 00:00:00,3497.4,3513.69,3307.45,3333.29,261.0334
ETH,2024-12-27 00:00:00,3335.56,3442.89,3308.24,3331.73,169.7208
ETH,2024-12-28 00:00:00,3336.41,3425.52,3322.98,3405.61,134.4461
ETH,2024-12-29 00:00:00,3400.31,3411.75,3327.29,3355.38,95.8079
ETH,2024-12-30 00:00:00,3355.61,3436.34,3306.52,3361.91,275.6225
ETH,2024-12-31 00:00:00,3357.57,3446.43,3315.77,3334.87,137.0393
ETH,2025-01-01 00:00:00,3335.11,3374.46,3317.62,3361.33,158.8813
ETH,2025-01-02 00:00:00,3361.85,3508.25,3355.74,3454.18,194.7153
ETH,2025-01-03 00:00:00,3456.32,3628.98,3423.91,3610.47,185.1404
ETH,2025-01-04 00:00:00,3610.31,3671.48,3574.93,3656.5,124.2245
ETH,2025-01-05 00:00:00,3657.71,3675,3595.76,3636.34,89.8339
ETH,2025-01-06 00:00:00,3638.58,3741.9,3612.44,3684.95,254.6927
ETH,2025-01-07 00:00:00,3686.73,3697.99,3358.79,3379.47,407.604
ETH,2025-01-08 00:00:00,3381,3413.63,3213.18,3326.49,196.6637
ETH,2025-01-09 00:00:00,3328.53,3356.72,3174.36,3223.02,157.8548
ETH,2025-01-10 00:00:00,3222.95,3320.43,3197.96,3269.76,114.9576
ETH,2025-01-11 00:00:00,3269.67,3316.83,3221.7,3285.23,42.8127
ETH,2025-01-12 00:00:00,3283.03,3298.5,3225.62,3267.8,54.0956
ETH,2025-01-13 00:00:00,3268.92,3336.93,2931,3131.44,353.3559
ETH,2025-01-14 00:00:00,3137.84,3255.79,3128.86,3223.11,238.7589
ETH,2025-01-15 00:00:00,3225.32,3471.25,3199.1,3451.98,359.3374
ETH,2025-01-16 00:00:00,3453.32,3456.4,3266.95,3311.09,323.18
ETH,2025-01-17 00:00:00,3310.1,3525.37,3308.4,3474.23,267.0296
ETH,2025-01-18 00:00:00,3474.23,3494.63,3240,3307.76,336.1065
ETH,2025-01-19 00:00:00,3307.68,3447.41,3133.41,3220.82,933.4455
ETH,2025-01-20 00:00:00,3219.64,3450,3150,3277.13,424.6078
ETH,2025-01-21 00:00:00,3284.53,3363.67,3208.35,3319.65,314.3921
ETH,2025-01-22 00:00:00,3320.41,3362.67,3226.94,3240,131.48
ETH,2025-01-23 00:00:00,3245.38,3344.24,3189,3332.01,237.6931
ETH,2025-01-24 00:00:00,3342.1,3425.34,3279.06,3312.5,178.3688
ETH,2025-01-25 00:00:00,3308.82,3349.81,3270.01,3317.07,124.8773
ETH,2025-01-26 00:00:00,3318,3360.36,3231.44,3231.44,158.8828
ETH,2025-01-27 00:00:00,3231.07,3251.84,3025.81,3179.71,327.5293
ETH,2025-01-28 00:00:00,3182.94,3222.26,3044.52,3074.68,167.9411
ETH,2025-01-29 00:00:00,3079.34,3177.74,3055.34,3111.33,97.0789
ETH,2025-01-30 00:00:00,3116.55,3280.81,3092.11,3245.21,120.4155
ETH,2025-01-31 00:00:00,3245.98,3427.58,3215.29,3297.7,297.0013
ETH,2025-02-01 00:00:00,3293.21,3330.47,3103.4,3116.75,128.3173
ETH,2025-02-02 00:00:00,3114.34,3160.77,2779.96,2863.7,570.8313
ETH,2025-02-03 00:00:00,2869.69,2917.71,2180.88,2884.16,869.9491
ETH,2025-02-04 00:00:00,2880.27,2885.79,2636.15,2738,354.2066
ETH,2025-02-05 00:00:00,2731.22,2825.83,2701.67,2783.57,175.4171
ETH,2025-02-06 00:00:00,2792.81,2855.92,2661.22,2687.18,429.8139
ETH,2025-02-07 00:00:00,2690.91,2796.34,2565.16,2623.58,109.8378
ETH,2025-02-08 00:00:00,2616.75,2664.86,2591.27,2636.54,85.7929
ETH,2025-02-09 00:00:00,2633.75,2696.63,2527.82,2629.27,242.4194
ETH,2025-02-10 00:00:00,2629.74,2691.21,2564.37,2659.29,220.7312
ETH,2025-02-11 00:00:00,2661.97,2724.79,2568.03,2602.61,409.6962
ETH,2025-02-12 00:00:00,2600,2792.81,2548.84,2738.15,282.8987
ETH,2025-02-13 00:00:00,2735.75,2752.94,2616,2673.41,166.9376
ETH,2025-02-14 00:00:00,2672.88,2792.39,2664.19,2726.58,135.7401
ETH,2025-02-15 00:00:00,2726.47,2739.08,2668.75,2693.14,73.8066
ETH,2025-02-16 00:00:00,2691.83,2723.54,2655.6,2659.08,61.294
ETH,2025-02-17 00:00:00,2662.04,2845.41,2643.02,2743.12,405.2204
ETH,2025-02-18 00:00:00,2742.87,2747.74,2609.12,2671.26,491.9839
ETH,2025-02-19 00:00:00,2670.41,2733.99,2656.43,2715.33,365.1715
ETH,2025-02-20 00:00:00,2716.85,2768.39,2709,2742.71,286.0758
ETH,2025-02-21 00:00:00,2741.13,2840,2618.75,2658.39,406.986
ETH,2025-02-22 00:00:00,2662.53,2795.63,2658.82,2762.49,197.6974
ETH,2025-02-23 00:00:00,2762.31,2852.5,2746.13,2820.79,327.4372
ETH,2025-02-24 00:00:00,2825.72,2834.15,2475.31,2510.86,426.1863
ETH,2025-02-25 00:00:00,2523.27,2531.54,2331.03,2495.13,431.344
ETH,2025-02-26 00:00:00,2497.7,2507.53,2258.55,2329.32,412.5454
ETH,2025-02-27 00:00:00,2336.95,2379.53,2237.73,2306.41,267.7821
ETH,2025-02-28 00:00:00,2308.83,2313.05,2080.58,2236.5,796.6223
ETH,2025-03-01 00:00:00,2235.63,2278.78,2143.93,2214.54,136.5116
ETH,2025-03-02 00:00:00,2216.95,2546.38,2178.25,2520.75,374.4113
ETH,2025-03-03 00:00:00,2520.66,2523.55,2100,2162.45,609.4293
ETH,2025-03-04 00:00:00,2158.12,2221.56,1950,2175.26,857.4197
ETH,2025-03-05 00:00:00,2174.1,2269.09,2158.17,2238.45,605.0361
ETH,2025-03-06 00:00:00,2239.49,2318.21,2180.04,2204.94,405.0581
ETH,2025-03-07 00:00:00,2204.8,2256.97,2108.12,2140.51,461.8377
ETH,2025-03-08 00:00:00,2139.05,2232.36,2107.9,2202.15,178.8155
ETH,2025-03-09 00:00:00,2199.22,2210.33,1992.41,2015.68,337.6958
ETH,2025-03-10 00:00:00,2017.32,2151.77,1812.82,1870,555.4563
ETH,2025-03-11 00:00:00,1870.25,1962.86,1758.52,1931.48,731.6741
ETH,2025-03-12 00:00:00,1921.5,1955,1831.04,1910.89,318.5843
ETH,2025-03-13 00:00:00,1907.26,1919.1,1823.69,1859.01,743.2171
ETH,2025-03-14 00:00:00,1859.34,1942.37,1859.28,1911.77,317.5638
ETH,2025-03-15 00:00:00,1911.75,1954,1904.28,1941.3,286.2539
ETH,2025-03-16 00:00:00,1937.45,1941.15,1800,1886.76,635.169
ETH,2025-03-17 00:00:00,1887.18,1950,1880.19,1928.27,258.4739
ETH,2025-03-18 00:00:00,1926.73,1933.17,1873.98,1928.8,554.909
ETH,2025-03-19 00:00:00,1929.47,2064.33,1860,2053.88,983.3529
ETH,2025-03-20 00:00:00,2054.63,2064.34,1860.1,1979.81,363.7804
ETH,2025-03-21 00:00:00,1978.4,1994.04,1938.78,1964.83,441.3981
ETH,2025-03-22 00:00:00,1965.2,2005.17,1964.66,1980.49,68.2515
ETH,2025-03-23 00:00:00,1979.23,2018.11,1979.23,2003.96,151.1314
ETH,2025-03-24 00:00:00,2003.96,2101.65,1978.01,2082.94,725.6929
ETH,2025-03-25 00:00:00,2080.31,2098.23,2039.02,2064.58,400.0102
ETH,2025-03-26 00:00:00,2064.89,2078.14,1984.47,2007.52,602.4725
ETH,2025-03-27 00:00:00,2008.45,2033.61,1986.89,2002,333.5602
ETH,2025-03-28 00:00:00,2004.11,2015.47,1863.36,1895.89,1034.6877
ETH,2025-03-29 00:00:00,1896.95,1912,1799.06,1828.47,182.8051
ETH,2025-03-30 00:00:00,1827.52,1847.7,1769.96,1804.35,347.97
ETH,2025-03-31 00:00:00,1808.69,1850.86,1778.03,1827.07,407.9333
ETH,2025-04-01 00:00:00,1821.82,1925,1819.54,1905.35,596.968
ETH,2025-04-02 00:00:00,1905.25,1952.76,1783.3,1793.43,612.5814
ETH,2025-04-03 00:00:00,1794.96,1843.9,1752.56,1819.25,754.3265
ETH,2025-04-04 00:00:00,1818.44,1833.7,1761.56,1813.04,760.2571
ETH,2025-04-05 00:00:00,1813.71,1826.36,1765.92,1805.4,295.3175
ETH,2025-04-06 00:00:00,1805.39,1814.99,1540.52,1577.55,1070.4534
ETH,2025-04-07 00:00:00,1577.02,1635.43,1413.76,1554.1,1128.3986
ETH,2025-04-08 00:00:00,1551,1615.86,1449.58,1472.65,630.794
ETH,2025-04-09 00:00:00,1475.18,1685.09,1386.53,1668.6,692.5618
ETH,2025-04-10 00:00:00,1666.44,1666.5,1474.19,1522.57,666.0758
ETH,2025-04-11 00:00:00,1522.57,1588.45,1507.03,1569,367.648
ETH,2025-04-12 00:00:00,1563.82,1668.52,1548.16,1645.65,223.7508
ETH,2025-04-13 00:00:00,1643.6,1649.54,1562.99,1598.57,188.8889
ETH,2025-04-14 00:00:00,1600.35,1690.09,1596.17,1622.17,236.7962
ETH,2025-04-15 00:00:00,1626.91,1659.55,1583.81,1587.68,81.8306
ETH,2025-04-16 00:00:00,1587.68,1612.65,1541,1578.01,234.6426
ETH,2025-04-17 00:00:00,1579.48,1615.33,1565.15,1581.83,131.3966
ETH,2025-04-18 00:00:00,1579.66,1598.43,1574.82,1589.33,55.0487
ETH,2025-04-19 00:00:00,1588.3,1629.89,1585,1613.53,47.5088
ETH,2025-04-20 00:00:00,1612.05,1619.34,1565.94,1585.7,49.7267
ETH,2025-04-21 00:00:00,1588.61,1656.9,1564.12,1580.5,167.8624
ETH,2025-04-22 00:00:00,1577.94,1775.71,1540.27,1756.56,372.6549
ETH,2025-04-23 00:00:00,1757.3,1833.5,1747.2,1796.25,253.7433
ETH,2025-04-24 00:00:00,1795.95,1801.29,1723.48,1768,238.7881
ETH,2025-04-25 00:00:00,1767.99,1826,1741.61,1785.71,244.7429
ETH,2025-04-26 00:00:00,1786.35,1839.58,1780.61,1821.14,128.701
ETH,2025-04-27 00:00:00,1821.45,1855.69,1784.3,1794.69,214.789
ETH,2025-04-28 00:00:00,1791.77,1826.08,1746.32,1798.54,244.1634
ETH,2025-04-29 00:00:00,1797.61,1841.11,1781.93,1799.87,242.1404
ETH,2025-04-30 00:00:00,1797.99,1815.95,1733.75,1794.32,381.8859
ETH,2025-05-01 00:00:00,1795.14,1870.86,1792.52,1838.31,165.3119
ETH,2025-05-02 00:00:00,1839.66,1869.52,1812.13,1840.53,136.6768
ETH,2025-05-03 00:00:00,1842.39,1848.13,1812,1832.99,103.9863
ETH,2025-05-04 00:00:00,1834.59,1849.55,1803.79,1808.17,36.342
ETH,2025-05-05 00:00:00,1810.99,1831.88,1783.01,1819.05,76.1355
ETH,2025-05-06 00:00:00,1820.67,1820.67,1751.68,1815.43,94.2121
ETH,2025-05-07 00:00:00,1816.55,1848.69,1789.16,1812.02,155.8236
ETH,2025-05-08 00:00:00,1810.7,2223.19,1809.63,2206.67,936.3277
ETH,2025-05-09 00:00:00,2200.29,2488.35,2184.3,2346.37,691.8352
ETH,2025-05-10 00:00:00,2343.69,2599.28,2322.23,2583.47,432.3163
ETH,2025-05-11 00:00:00,2583.99,2604.31,2442.02,2512.17,599.0534
ETH,2025-05-12 00:00:00,2515.14,2622.72,2409.98,2489.81,594.0451
ETH,2025-05-13 00:00:00,2489.81,2736.98,2416.98,2686.21,359.7329
ETH,2025-05-14 00:00:00,2678.01,2723.29,2549.86,2612.63,299.5773
ETH,2025-05-15 00:00:00,2611.21,2643.99,2481.43,2546.07,316.7284
ETH,2025-05-16 00:00:00,2548.02,2647.3,2530.46,2536.59,210.7897
ETH,2025-05-17 00:00:00,2530.78,2534.48,2448.87,2474.9,218.7919
ETH,2025-05-18 00:00:00,2473.41,2583.05,2327.6,2496.71,390.2953
ETH,2025-05-19 00:00:00,2503.81,2543.51,2350.91,2533.31,183.2245
ETH,2025-05-20 00:00:00,2530.47,2588.56,2445.89,2524.65,162.0738
ETH,2025-05-21 00:00:00,2522.47,2612.87,2472.95,2549.96,1220.2671
ETH,2025-05-22 00:00:00,2548.94,2690.88,2548.94,2664.71,365.1348
ETH,2025-05-23 00:00:00,2654.39,2731.72,2504.96,2516.3,431.6383
ETH,2025-05-24 00:00:00,2524.03,2574.63,2518.18,2529.03,92.7511
ETH,2025-05-25 00:00:00,2534.89,2552.88,2466.35,2552.1,158.8341
ETH,2025-05-26 00:00:00,2552.42,2596.87,2528.04,2563.07,138.0708
ETH,2025-05-27 00:00:00,2565.05,2708.34,2512.7,2665.1,330.5946
ETH,2025-05-28 00:00:00,2660.37,2686.99,2610,2680.18,214.4105
ETH,2025-05-29 00:00:00,2681.42,2779,2617.6,2632.51,571.4894
ETH,2025-05-30 00:00:00,2632.65,2649.18,2510.57,2529.21,298.9404
ETH,2025-05-31 00:00:00,2528.35,2549.86,2480,2529.47,224.8929
ETH,2025-06-01 00:00:00,2526.2,2545.96,2470.07,2534.16,162.7549
ETH,2025-06-02 00:00:00,2536.21,2613.39,2476.54,2603.78,338.5264
ETH,2025-06-03 00:00:00,2606.51,2651.66,2579.27,2589.22,217.4496
ETH,2025-06-04 00:00:00,2594.23,2678.04,2585.02,2607.28,108.3062
ETH,2025-06-05 00:00:00,2605.07,2640.29,2393.89,2417.83,386.0963
ETH,2025-06-06 00:00:00,2413.64,2529.82,2390,2479.62,366.841
ETH,2025-06-07 00:00:00,2477.18,2542.89,2457.83,2526.29,180.9331
ETH,2025-06-08 00:00:00,2525.29,2546.37,2493.17,2508.6,79.2409
ETH,2025-06-09 00:00:00,2509.12,2686.6,2478.56,2679.87,260.8114
ETH,2025-06-10 00:00:00,2679.74,2825.83,2657.7,2813.87,596.3098
ETH,2025-06-11 00:00:00,2811.06,2877.16,2744.93,2770.75,497.6279
ETH,2025-06-12 00:00:00,2769.93,2783.24,2619.28,2645.61,536.2038
ETH,2025-06-13 00:00:00,2642.16,2646.93,2440,2582.03,620.2428
ETH,2025-06-14 00:00:00,2574.78,2574.78,2491,2532.58,157.7116
ETH,2025-06-15 00:00:00,2530.97,2555.47,2491.57,2547.94,203.0409
ETH,2025-06-16 00:00:00,2543.04,2676.82,2517.17,2539,309.6087
ETH,2025-06-17 00:00:00,2536.08,2615.53,2461.02,2516.22,373.6166
ETH,2025-06-18 00:00:00,2512.07,2544.81,2469.35,2523.61,352.909
ETH,2025-06-19 00:00:00,2524.54,2545.31,2486.21,2521.69,195.2985
ETH,2025-06-20 00:00:00,2519.09,2565.57,2378.01,2407.82,450.6572
ETH,2025-06-21 00:00:00,2405.44,2447.75,2217.7,2300,356.4109
ETH,2025-06-22 00:00:00,2297.83,2322.69,2115,2225.79,568.5776
ETH,2025-06-23 00:00:00,2226.3,2437.05,2190.16,2412.2,502.4669
ETH,2025-06-24 00:00:00,2412.05,2478.56,2377.9,2444.68,199.752
ETH,2025-06-25 00:00:00,2446.62,2465.72,2391.53,2419.16,134.3257
ETH,2025-06-26 00:00:00,2419.54,2515,2396.3,2414.91,242.4542
ETH,2025-06-27 00:00:00,2417.56,2459,2382.17,2421.92,240.3201
ETH,2025-06-28 00:00:00,2421.77,2447.65,2405.19,2437.4,93.114
ETH,2025-06-29 00:00:00,2436.9,2522.57,2414.29,2500.61,198.5881
ETH,2025-06-30 00:00:00,2501.67,2521.58,2436.32,2487.03,346.9442
ETH,2025-07-01 00:00:00,2487.9,2498.52,2387.64,2402.84,319.0883
ETH,2025-07-02 00:00:00,2403.24,2615.26,2374.58,2567.25,533.2045
ETH,2025-07-03 00:00:00,2569.71,2633.47,2558.45,2589.38,267.6266
ETH,2025-07-04 00:00:00,2590.03,2598.63,2476.41,2511.3,244.9299
ETH,2025-07-05 00:00:00,2509.63,2528.25,2488.33,2517.6,99.6428
ETH,2025-07-06 00:00:00,2515.06,2603.59,2505.88,2569.59,141.9644
ETH,2025-07-07 00:00:00,2572.23,2588.41,2514.18,2545.28,174.7936
ETH,2025-07-08 00:00:00,2543.09,2626.63,2525.13,2616.36,288.3794
ETH,2025-07-09 00:00:00,2615.07,2793.89,2591.02,2766.31,382.6171
ETH,2025-07-10 00:00:00,2770.71,2998.1,2754.56,2952.17,528.627
ETH,2025-07-11 00:00:00,2952.81,3038,2915.65,2959.04,690.9912
ETH,2025-07-12 00:00:00,2959.04,2977.31,2905.31,2940.46,273.4527
ETH,2025-07-13 00:00:00,2941.41,3016,2936.35,2973.37,300.9207
ETH,2025-07-14 00:00:00,2969.55,3081.89,2964.21,3012.74,480.8365
ETH,2025-07-15 00:00:00,3014.52,3142.47,2934.27,3140.8,748.047
ETH,2025-07-16 00:00:00,3141.92,3423.36,3101.58,3370.92,967.7747
ETH,2025-07-17 00:00:00,3370.93,3518.85,3315,3470.93,883.1869
ETH,2025-07-18 00:00:00,3477.97,3671.63,3460.3,3548.02,778.3135
ETH,2025-07-19 00:00:00,3544.56,3603.96,3510.49,3591.95,220.7062
ETH,2025-07-20 00:00:00,3583.09,3821.94,3575.26,3760.19,684.0276
ETH,2025-07-21 00:00:00,3750.28,3854.7,3703.16,3767.17,575.7917
ETH,2025-07-22 00:00:00,3766.5,3789.83,3616,3749.89,795.2725
ETH,2025-07-23 00:00:00,3747.93,3763.63,3529.6,3624.05,446.417
ETH,2025-07-24 00:00:00,3624.05,3768.94,3509.09,3705.54,345.7538
ETH,2025-07-25 00:00:00,3707.55,3743.99,3577.97,3720.94,239.818
ETH,2025-07-26 00:00:00,3720.95,3788.86,3702.09,3740.65,189.9478
ETH,2025-07-27 00:00:00,3740.7,3875,3731.68,3873.34,241.7437
ETH,2025-07-28 00:00:00,3873.95,3937.99,3756.01,3794.79,385.175
ETH,2025-07-29 00:00:00,3799.24,3882.7,3719.5,3794.85,355.2876
ETH,2025-07-30 00:00:00,3794.68,3831.19,3686.64,3810.03,304.347
ETH,2025-07-31 00:00:00,3809.36,3875,3688.61,3694.59,269.6416
ETH,2025-08-01 00:00:00,3695.04,3722.22,3434.26,3491.19,429.2323
ETH,2025-08-02 00:00:00,3491.88,3537.35,3370.75,3394.85,299.7443
ETH,2025-08-03 00:00:00,3403.59,3518.85,3358.03,3499.5,150.118
ETH,2025-08-04 00:00:00,3496.28,3735.83,3493.99,3723.12,259.2239
ETH,2025-08-05 00:00:00,3723.13,3723.13,3548.34,3613.2,200.7204
ETH,2025-08-06 00:00:00,3618.1,3697.11,3564.19,3684.14,169.9711
ETH,2025-08-07 00:00:00,3683.94,3922.93,3649.67,3916.68,495.2676
ETH,2025-08-08 00:00:00,3916.58,4067.02,3881.13,4008.63,582.9603
ETH,2025-08-09 00:00:00,4015.14,4321.38,4007.61,4268.66,516.7655
ETH,2025-08-10 00:00:00,4268.06,4327.68,4162.57,4254.57,421.2607
ETH,2025-08-11 00:00:00,4248.25,4362.88,4169.95,4229.51,982.5677
ETH,2025-08-12 00:00:00,4228.31,4637.6,4219.67,4593,664.75104
ETH,2025-08-13 00:00:00,4586.94,4778.97,4566.98,4750.57,531.5313
ETH,2025-08-14 00:00:00,4749.43,4784.62,4446.97,4551.71,814.3562
ETH,2025-08-15 00:00:00,4536.95,4663.58,4370.93,4443.02,464.1227
ETH,2025-08-16 00:00:00,4437.3,4485.77,4371.5,4422.85,195.2966
ETH,2025-08-17 00:00:00,4422.84,4570.53,4397.76,4472.92,238.861
ETH,2025-08-18 00:00:00,4469.11,4478.7,4227.5,4313.96,361.6778
ETH,2025-08-19 00:00:00,4308.06,4354.22,4070.47,4085.11,606.4971
ETH,2025-08-20 00:00:00,4084.1,4374.32,4064.99,4338.38,396.4911
ETH,2025-08-21 00:00:00,4337.1,4339.29,4207.38,4231.45,171.8973
ETH,2025-08-22 00:00:00,4221.44,4884.99,4210,4834.18,1186.019
ETH,2025-08-23 00:00:00,4833.72,4833.72,4667.76,4779.79,388.7378
ETH,2025-08-24 00:00:00,4780,4954.75,4714.49,4789.5,571.23517
ETH,2025-08-25 00:00:00,4781.39,4798.98,4342.84,4391.05,566.1401
ETH,2025-08-26 00:00:00,4370.77,4448.92,4315.6,4441.78,86.4717
